,p-error,p-iqr,p-under_mu,p-under_mu2,p-skew,p-count_var,p-count_kl,p-patchiness,p-centroids,p-point_dist,a-error,a-iqr,a-under_mu,a-under_mu2,a-skew,a-count_var,a-count_kl,a-centroids,a-point_dist,a-patchiness,EEE,VRM,IsoScore,alpha,new_average
bert-small_100_3,0.16167092,0.0716819465160369,0.522684220902226,0.0,0.3582535401744128,0.0229828937238011,0.0135545299160517,1.0008781691691282,0.0048802467,0.8567003906249999,0.122383505,0.0770475268363952,0.5129899628858203,0.0,0.1792587351274446,0.0283797788755455,0.0168263945197708,0.0023268422,0.85571201171875,1.0012138430060913,0.841,0.8039,0.1213,100.0,0.3651576035819785
bert-small_35_1,0.23339027,0.0720394849777221,0.5178156633838189,0.0,0.2367394262790507,0.0776609944381365,0.0493933913998431,1.004281044287365,0.0070610926,0.86454541015625,0.16726455,0.087567925453186,0.494492872877506,0.0,-0.1022871050301583,0.0898487489611243,0.0495516143602239,0.006764108,0.8728524414062501,1.0050276788453656,0.7962,0.671,0.1528,35.0,0.3985114256331904
bert-small_19_2,0.21565898,0.0700635910034179,0.5058156976694352,0.0,-0.039620971877787,0.171301958011756,0.1112880448284294,1.0101001215660597,0.0076122917,0.87780751953125,0.14969963,0.091105431318283,0.4989757172122365,0.0003171419510229,-0.078087674467587,0.1205269028493216,0.0619045183751262,0.005262264,0.90428837890625,1.0069200243421514,0.7444,0.5416,0.1972,19.0,0.4176615461921993
bert-small_100_2,0.20255816,0.0777778625488281,0.5173013791389167,3.42856163268105e-05,0.2372853729725269,0.0351658149072736,0.0227837033381502,1.001636993698288,0.0040205424,0.8650408203125,0.1470261,0.0814987123012542,0.505824269073517,0.0,0.0403242576328513,0.0408257907672209,0.0228692572175586,0.0020533171,0.86604072265625,1.001986212274179,0.8368,0.785,0.1168,100.0,0.3737528464981962
bert-small_100_1,0.20750242,0.076633334159851,0.5225213642246737,0.0,0.3312813030991486,0.0253668940524939,0.013898492680072,1.0010252728509834,0.00896567,0.8609691406250001,0.15433338,0.082088828086853,0.5126899637429607,0.0,0.133270017482119,0.0358198977028633,0.0205262757350969,0.002350916,0.85917275390625,1.001675862896586,0.8388,0.7888,0.1196,100.0,0.3584606453400337
bert-small_35_3,0.21754172,0.0696602165699005,0.5169670943797303,0.0,0.2441701938427142,0.0605838062263365,0.0399424114453416,1.0032192983871462,0.0072991764,0.8568586914062499,0.15879849,0.0816016793251037,0.4921271653509561,0.0,-0.1359299636807401,0.0796149170544201,0.0455052773699263,0.004424912,0.8636353515624999,1.004393589342209,0.793,0.6628,0.1599,35.0,0.3910594901522467
bert-small_19_1,0.17980851,0.0743907690048217,0.5179699486572895,0.0,0.180875027007081,0.1767224464957297,0.1156083487384738,1.0104388329040328,0.015560294,0.8806500976562499,0.123965606,0.0949980914592742,0.4985214327959062,0.0,0.0011882608037917,0.1293761294795607,0.0663362014411729,0.010598777,0.90701806640625,1.007466517088719,0.7524,0.558,0.1875,19.0,0.4080953516398557
bert-small_19_3,0.20985988,0.0702472627162933,0.5130756769266374,9.428544489872886e-05,0.0662135336823983,0.1779614352861643,0.1180992272245836,1.0105154951271869,0.017064538,0.8782628906250001,0.14457498,0.095262587070465,0.4968242947877291,0.0,-0.0584495475549415,0.1211862984348671,0.0619201058936881,0.009246894,0.90666630859375,1.006959435447557,0.7525,0.5577,0.1873,19.0,0.4201859396887727
bert-small_35_2,0.20326298,0.0693961679935455,0.5144042445593012,0.0,0.2346967875137238,0.0447501356995927,0.027258097845132,1.0022324608588788,0.0032856767,0.85846259765625,0.14898694,0.0849316120147705,0.4937300179142345,0.0,-0.1065294908033288,0.0690493377406565,0.0392885574354817,0.0045574107,0.86141923828125,1.0037395339123267,0.8016,0.6879,0.1542,35.0,0.4003894698485002
bert-small_3_2,0.20065828,0.0911812782287597,0.5341784737757892,0.0,0.452410973681832,0.1446888152385212,0.081848045935867,1.0084288782833817,0.008849811,0.82535283203125,0.133058,0.1057534217834472,0.5234385044614158,0.0,0.3576113643302513,0.2182551264771337,0.1057953162171134,0.00553086,0.8347349609375,1.0129396013730907,0.7644,0.5696,0.1095,3.0,0.6470352419326574
bert-small_1_3,0.4480212,0.1614104509353637,0.4399187430893054,0.0080828340490455,-0.6745724521934869,0.2244496678459905,0.1072140520477754,1.013306550068075,0.0076030185,0.7488225048923679,0.32914045,0.1554025709629058,0.4897014579958343,0.0035057042694163,-0.2139654500421596,0.4737975938638299,0.1942577221430516,0.012107831,0.72290166015625,1.028259044347577,0.5891,0.2757,0.2071,1.0,0.7214485247864968
bert-small_4_3,0.13675849,0.093715026974678,0.555195556584124,0.0002057136979608,0.779492582730441,0.327111579566685,0.1819983039468407,1.0197075368378938,0.018731065,0.90873095703125,0.07621831,0.1004946827888488,0.5671698080862626,0.0003599989714315,1.0063333481400132,0.1449976242491209,0.0736283174561895,0.003724006,0.9421482421875,1.0084309342389803,0.8254,0.7117,0.0872,4.0,0.6156278622027267
bert-small_2_2,0.27961472,0.1141254007816314,0.4804614843957588,0.0,0.0210359488905513,0.1832673573204532,0.0936319406992137,1.0107941370614757,0.013044342,0.7548260742187499,0.19933501,0.1210079193115234,0.5158785260613541,0.0,0.3176545803423671,0.2849737670707289,0.1312127538440964,0.024084164,0.74316513671875,1.016974211461,0.6628,0.3941,0.1664,2.0,0.7052801268634952
bert-small_3_1,0.11154574,0.082206517457962,0.5556326981922909,1.714280816340525e-05,0.919913089225124,0.2033132414847124,0.1164310492569715,1.012063565040244,0.00873412,0.8451179687499999,0.07159806,0.0908461064100265,0.5417984520044229,0.0,0.7302020013635785,0.2689721047417674,0.1253019412474823,0.00839931,0.8645306640625,1.016048842185567,0.7867,0.6194,0.0975,3.0,0.6534248119017035
bert-small_1_1,0.45136082,0.1565731465816497,0.4488415747383579,0.0032828477632921,-0.5292946429551545,0.1891760930813247,0.0945210792166964,1.011146452501303,0.015719846,0.7493350585937499,0.33240718,0.1480089724063873,0.4921443081591195,0.00120856797552,-0.1076951686725919,0.4473322728580967,0.1971713773773773,0.023247998,0.71757890625,1.026867308757506,0.5827,0.264,0.2275,1.0,0.722939300081014
bert-small_2_3,0.22803389,0.1142661273479461,0.4957528692775163,0.0,0.13654164263687,0.1865154251626125,0.0995161148352178,1.011002295806689,0.011695849,0.7647856445312501,0.15844704,0.1211360991001129,0.5241756452124422,0.0,0.3963205167852522,0.4070538672196947,0.1541505075579934,0.01683498,0.75846943359375,1.0240717592790365,0.6904,0.4366,0.1509,2.0,0.6917510216987142
bert-small_4_1,0.15285373,0.0828846395015716,0.5481155768126377,0.0007714263673532,0.5985631936079128,0.2528454981303222,0.1441180764910954,1.015129595520045,0.012565844,0.9169080078125,0.0843482,0.0915084183216095,0.5625241070739798,0.0004114273959217,0.9010721558214884,0.1611118231920434,0.0829800504526534,0.0029512881,0.94411201171875,1.009430415482753,0.8245,0.709,0.0846,4.0,0.6188884107269883
bert-small_3_3,0.13364214,0.0937376916408538,0.5436841609023975,0.0,0.6688103264102762,0.1870895592692601,0.1049698685599302,1.0110578019058376,0.008648025,0.82448017578125,0.08794199,0.1020430922508239,0.5330127628206777,0.0,0.5178969560617208,0.2406733884666377,0.1161751705542153,0.0039482517,0.84142705078125,1.0143153089731176,0.7742,0.5891,0.0918,3.0,0.6542447322908795
bert-small_1_2,0.46350932,0.1464717388153076,0.4478815774812072,0.0006857123265362,-0.5449831113222866,0.2591373678582407,0.1246948850615957,1.0154287670349809,0.007279736,0.7448127077223852,0.3381604,0.1467621326446533,0.4957185836611895,0.0007714263673532,-0.0904015313414378,0.4217734481456761,0.1867267016173572,0.01792232,0.7205319335937499,1.025285611216199,0.5797,0.2735,0.2237,1.0,0.729460614171166
bert-small_2_1,0.26408443,0.1079251170158386,0.4970642941020168,0.0,0.2101560989915728,0.1721346375506044,0.0924775115142304,1.0101148576777714,0.009850357,0.75372919921875,0.18887319,0.1096240431070327,0.5235413613103963,8.571404081702625e-06,0.4912110749556198,0.3429635968477802,0.1322829306082049,0.012695946,0.7456320312500001,1.0201242539995068,0.6623,0.3936,0.182,2.0,0.6927921579234679
bert-small_4_2,0.12416453,0.1067157387733459,0.551132711049397,0.0010028542775592,0.6004919500142277,0.3005757761934791,0.1675593158785414,1.018070635889586,0.012970431,0.9185654296875,0.06801383,0.1081382632255554,0.563209819400516,1.714280816340525e-05,0.917543888809074,0.1605070351686134,0.0814551887542938,0.0033834376,0.94343056640625,1.0093897483518717,0.8379,0.7394,0.0766,4.0,0.6029278323868498
bert-small_5_3,0.17739195,0.1083302795886993,0.5436241610738255,0.0010028542775592,0.521222446798144,0.4170403207914711,0.2384077503711692,1.0252730315656338,0.020783236,0.91814423828125,0.0952089,0.1189734190702438,0.5559669829514773,0.0006085696898008,0.7869791618347007,0.1824946831948916,0.0950183437166096,0.0042134426,0.957491796875,1.0107510131283066,0.8322,0.7271,0.0855,5.0,0.5789692669418549
bert-small_10_1,0.19254108,0.0916180908679962,0.5069985514327102,0.0001457138693889,-0.0286497908713317,0.3879690205211615,0.2303879719962262,1.0235074035814815,0.026901815,0.92931328125,0.114542656,0.1200161576271057,0.5092014022817077,0.0,0.1560059298787755,0.1455023107889676,0.075783639215762,0.0060589043,0.95893076171875,1.0084652060431412,0.7802,0.606,0.1466,10.0,0.48067279914720173
bert-small_5_1,0.15170807,0.100488394498825,0.5561726966494381,0.0015942811591966,0.5747417493211764,0.3096293755803933,0.1716407299320638,1.018632072224231,0.017274141,0.9384833984375,0.08014572,0.1100794970989227,0.5786812037679893,0.0012257107836834,0.9035086294569188,0.2044350432442928,0.1049247054557192,0.003440158,0.959333431085044,1.0121005052373204,0.8452,0.7639,0.0785,5.0,0.5803916562803764
bert-small_6_3,0.18796124,0.1003591120243072,0.5265670669512372,0.0026314210530827,0.0406739570602001,0.4241949495988751,0.2376044166517408,1.0257109307123289,0.02065865,0.92829482421875,0.10325489,0.1136664897203445,0.5449013002819992,0.0011828537632749,0.481631320917668,0.208736122687946,0.1070380766222761,0.0049889293,0.9608658203125,1.0123716909529914,0.8187,0.6936,0.0998,6.0,0.5392574512298369
bert-small_7_1,0.14549433,0.0963165760040283,0.5343241876451782,0.003342847591864,0.0875139174036202,0.5545324187935154,0.3042898859422291,1.0337317442423086,0.018709544,0.92330576171875,0.078104384,0.1174017935991287,0.5417898806003412,0.0038828460490112,0.2130548967310511,0.2489100837641331,0.1290008176384735,0.006117952,0.96246767578125,1.0148520656120548,0.8367,0.7433,0.0963,7.0,0.5218036769506398
bert-small_5_2,0.13288428,0.0968172401189804,0.5387898891717452,0.0011742823591932,0.4679661644887192,0.3372050072487725,0.1843435310463015,1.02033234515327,0.013894078,0.93862392578125,0.07118813,0.100715696811676,0.5598498290004885,0.0011057111265396,0.78288488737129,0.2189821665341609,0.1111834938499865,0.008230275,0.957157421875,1.012994404521154,0.8416,0.7488,0.0739,5.0,0.5824684169478846
bert-small_7_2,0.2340487,0.0948752164840698,0.5182528049919858,0.0010028542775592,-0.0547804520699575,0.4328208756233554,0.2472112384713252,1.026258196352439,0.01949219,0.92875751953125,0.13402289,0.1201750636100769,0.5144213873674647,0.0022628506775694,0.1377860095166503,0.2016259382600604,0.1034486324390032,0.004551066,0.9611763671875,1.0119304880537463,0.7922,0.6303,0.1239,7.0,0.5216908996257212
bert-small_10_3,0.1587192,0.0971147119998931,0.5050956997265722,0.0035228470775797,-0.5594821567621723,0.5320217531766616,0.3014598000316901,1.0323738496343704,0.030601602,0.9306513196480938,0.09054328,0.1189428865909576,0.5188528032777049,0.0005828554775557,0.3055830435377177,0.2074662289741343,0.1064794565158024,0.008473573,0.9661080078125,1.0122990859801226,0.8083,0.671,0.1286,10.0,0.4829714608116491
bert-small_6_2,0.1904305,0.0914035141468048,0.5166585238327891,0.0,0.1474024990393223,0.3711790736705507,0.2124826679909753,1.0224507282155535,0.021971097,0.93481279296875,0.105404206,0.1137123703956604,0.5292499164288103,0.003197133722475,0.1319168756450368,0.2097956553240015,0.1111166951714157,0.005486488,0.95873935546875,1.0124454843598858,0.8158,0.6865,0.0998,6.0,0.5371624789248239
bert-small_7_3,0.16863938,0.101872980594635,0.5343070448370147,0.0035571326939065,0.1175231816827366,0.5266061237020166,0.2932960391718531,1.0320225574703286,0.020517683,0.9207662109375,0.09407422,0.1204333454370498,0.5367670378084634,0.0012599964000102,0.4867884321781264,0.2251296426295624,0.1162102707256197,0.0033632694,0.963003515625,1.013381444921736,0.816,0.6868,0.1098,7.0,0.5186959496247721
bert-small_10_2,0.14968185,0.0925207138061523,0.5000814283387762,0.0021857080408341,-0.4697072282473789,0.4872503909393402,0.2813371464643175,1.0296287075086743,0.028158128,0.9318986328125,0.08669527,0.1212609708309173,0.5089785457755835,0.0009514258530689,0.0704760440399931,0.1833198460677113,0.0966644865662406,0.0038554245,0.964408211143695,1.010806152470367,0.7981,0.6478,0.1363,10.0,0.47702457861492575
bert-small_6_1,0.1825757,0.0946795940399169,0.5153642418164519,0.0020999940000171,0.0938656224042291,0.3630126123095927,0.2094529203510314,1.0219485290281245,0.019857902,0.9371763671875,0.09876043,0.1098542213439941,0.5364756100696855,0.0023999931428767,0.3142822841085491,0.2305003913154028,0.1217328005297774,0.0066706594,0.96023330078125,1.0137257986764463,0.8281,0.7182,0.0926,6.0,0.5436399361786526
bert-small_30_3,0.23181753,0.0707987546920776,0.5118842517592807,0.0,0.1818387447377573,0.080821643379385,0.0529752915517787,1.00447748855258,0.006874338,0.8661568359375,0.16671516,0.0873759686946868,0.489538601318282,0.0,-0.1431696414687361,0.0893983782347854,0.0487562815452983,0.0071716616,0.8765300781250001,1.0049976823473867,0.787,0.6475,0.1656,30.0,0.3979521733509776
bert-small_13_3,0.17418738,0.0830830335617065,0.5089785457755835,0.0005571412653106,-0.0322209000179569,0.3655377771852262,0.2190317283164637,1.022123683749688,0.019408168,0.92893828125,0.10649849,0.1043426096439361,0.5203956560124114,0.000574284073474,0.212038124094826,0.1230337265508987,0.0647607708764931,0.0035358444,0.9556013671875,1.0070757685623872,0.7703,0.5878,0.1623,13.0,0.4460638874903935
bert-small_30_1,0.24065079,0.0696642994880676,0.5148585289756314,0.0,0.1674970131877295,0.0817605040501061,0.0539875935130168,1.0045355202209698,0.006279569,0.862969140625,0.17297933,0.0879804790019989,0.4890414598815432,0.0,-0.1633620507704545,0.0968071972862772,0.0529343299083596,0.007213806,0.8745061523437501,1.0054569568494878,0.7781,0.6288,0.1745,30.0,0.406343752584823
bert-small_8_1,0.23331401,0.0909039676189422,0.5318384804614844,0.0,0.2955165258730087,0.4312291233524286,0.2401472548459807,1.0261558052967157,0.018587667,0.93665810546875,0.13645063,0.1261106431484222,0.5339556172696649,0.0004457130122485,0.4588958345431871,0.1854298434401917,0.0935076311582489,0.005342625,0.96158564453125,1.0109267673566484,0.7832,0.6104,0.1282,8.0,0.4982080747460593
bert-small_8_2,0.16435282,0.0941734910011291,0.5217156522409936,0.0036514181388053,-0.2311118593527982,0.513449730878299,0.2899649941852699,1.031233868687332,0.019883962,0.92875888671875,0.09228929,0.1142265945672988,0.5427670206656552,0.0010542827020494,0.5368241257915554,0.193884049779542,0.100966616406601,0.004636893,0.96528203125,1.0114591570001317,0.8131,0.6822,0.1202,8.0,0.5069417663863127
bert-small_20_2,0.21475166,0.0721513926982879,0.5078642632449621,0.0,0.0355838080400318,0.1748633279436549,0.1130128569219977,1.0103201975656235,0.0113683045,0.8845041992187499,0.1473774,0.095801293849945,0.491870023228505,0.0,-0.0605611008614369,0.1259212978542128,0.0657575125661008,0.0040839836,0.91055732421875,1.0072553296587712,0.7511,0.5559,0.19,20.0,0.41970617431004986
bert-small_20_3,0.19816595,0.074155181646347,0.5174042359878972,8.571404081702625e-06,0.1874631742002759,0.1822405158825901,0.119678832563227,1.0107800274931222,0.013552337,0.8794734375,0.13628876,0.0982958078384399,0.5037928463061534,0.0,0.0662394391112525,0.1318803392628721,0.0673020871871428,0.0063106143,0.907991796875,1.0076210364343214,0.7506,0.5543,0.1916,20.0,0.41601729202095195
bert-small_13_1,0.15699187,0.0876507759094238,0.509167116665381,0.0011057111265396,-0.3231506403315211,0.4075200004781901,0.2477587790829492,1.0247234789834898,0.025306072,0.92817314453125,0.096066184,0.1037462055683136,0.5084471187225179,0.0,0.1798161122726334,0.1295628180788787,0.0674155637781191,0.008158259,0.9562087890625,1.0074802087655828,0.7693,0.5859,0.1657,13.0,0.45004713922867
bert-small_13_2,0.18260165,0.0823412239551544,0.5064328387633178,0.0002742849306144,-0.091226373423088,0.3289088087469056,0.2019236306253997,1.0198612333310555,0.021232817,0.91470185546875,0.11540707,0.1031395494937896,0.5076328353347562,0.0,0.0832881417402407,0.1176302994465142,0.0601943955177388,0.0067381943,0.9455306640625,1.0067376673107236,0.755,0.5563,0.1766,13.0,0.45444026084305067
bert-small_20_1,0.19795357,0.078582614660263,0.5138128176776637,0.0002228565061242,0.0485684136065153,0.1729614301006231,0.112101871053151,1.0102038174306538,0.012255354,0.8932767578125,0.13422221,0.1016736328601837,0.4996785723469361,0.0,0.0113060739284679,0.1167343542221765,0.0604778694316344,0.0093755545,0.91797890625,1.006684589801779,0.7534,0.5604,0.1873,20.0,0.41614768433774596
bert-small_30_2,0.23418319,0.0700887143611908,0.5135042471307225,8.571404081702625e-06,0.1422149897074822,0.0766442190073589,0.0491701498965148,1.004215754472695,0.0053381766,0.8714044921875,0.16608639,0.0894075334072113,0.4875500355713269,0.0,-0.1660238327814373,0.1073278182745946,0.0583739355401465,0.0034139273,0.88229501953125,1.0061103927890322,0.7828,0.6363,0.1662,30.0,0.3988364806415858
bert-small_8_3,0.15199792,0.0925871729850769,0.5101013997102866,0.0017828520489941,-0.2861708674145622,0.4668056093910294,0.261842909603758,1.0283475715151762,0.022540556,0.9353166015625,0.08418144,0.1151240468025207,0.5066899808857689,0.0016371381796052,-0.0350740790198356,0.2043071577277947,0.1064560548089875,0.005869609,0.9653056640625,1.0121059924875973,0.823,0.7079,0.1125,8.0,0.504348751437421
bert-small_9_1,0.15775168,0.0966557562351226,0.5316413381676053,0.0014228530775626,0.2402880319030504,0.483530102724497,0.2759545539563552,1.0293887731409543,0.022392299,0.93100732421875,0.09052894,0.116010308265686,0.5336041897023152,0.0009599972571506,0.4357388605426832,0.1828318031248998,0.0946546139514282,0.0033458613,0.96315263671875,1.0107742763423126,0.8036,0.6602,0.1309,9.0,0.49155447971881605
bert-small_40_2,0.19519198,0.0721556842327117,0.5175928068776946,0.0,0.2537721532644377,0.0543223882516877,0.0333467192868379,1.002827107518036,0.0045390795,0.8680865234374999,0.14048173,0.0850406289100647,0.4952557278407776,0.0,-0.0955368197823612,0.0803386770140572,0.0464641464897375,0.0036289212,0.8722623046875,1.0044402480143628,0.813,0.7154,0.1396,40.0,0.40586234864325454
bert-small_40_3,0.18965109,0.071914255619049,0.5126899637429607,0.0,0.1604883593597921,0.0878403183811139,0.0560372928271365,1.0049133658332776,0.006946087,0.89418017578125,0.13046296,0.0970347225666046,0.4877814634815329,0.0,-0.1413566507476777,0.0937913346179687,0.0508876897251552,0.0071111806,0.9041771484375,1.0052695498550803,0.8284,0.7602,0.1289,40.0,0.40232593799179983
bert-small_9_2,0.23498258,0.0814286768436431,0.4970985797183436,0.0013371390367456,-0.5112834363100358,0.4218101349724735,0.242565415161252,1.025586165710987,0.025540126,0.935324609375,0.13822636,0.1220068931579589,0.5073585504041417,0.0006085696898008,0.0286940399550713,0.1846852342674841,0.0967627025592489,0.0041755866,0.96316865234375,1.0108924062142224,0.779,0.6017,0.1393,9.0,0.4926126856683334
bert-small_15_2,0.22646922,0.0769924223423004,0.5054214130816769,0.0001371424653072,-0.1031091851832683,0.2439070886543832,0.1548585658993895,1.014603280878582,0.02077004,0.904200390625,0.1483689,0.0992540419101715,0.4979214345101871,0.0,-0.0313088585897751,0.1282391607249634,0.0662075566212195,0.008501019,0.93317978515625,1.0073963706813929,0.7451,0.5378,0.1836,15.0,0.42896849054473074
bert-small_15_3,0.25067943,0.071427434682846,0.5073071219796514,0.0,0.0011137538120931,0.2052303724813056,0.1260882522281369,1.0121976511964854,0.012404194,0.9091443359375,0.16505952,0.0981392562389373,0.4981357196122297,0.0,-0.0075452632832226,0.1192808855152753,0.0614344904477723,0.0043675243,0.9326337890625,1.0068412274046652,0.7413,0.5309,0.1883,15.0,0.4341647787325462
bert-small_40_1,0.17504656,0.0763731896877288,0.5176270924940214,0.0,0.2784084151129931,0.0403318265309519,0.0250843581700107,1.001957304292429,0.0038521627,0.86750927734375,0.12645128,0.082918494939804,0.5041957022979935,0.0,0.0181416964885971,0.0581267202198564,0.0332860828799312,0.004311119,0.8682485351562501,1.0030616427982406,0.8264,0.7562,0.1309,40.0,0.39022429530991687
bert-small_15_1,0.24267574,0.0711203813552856,0.5080528341347597,1.714280816340525e-05,0.015847496462433,0.1688321227102467,0.1064519075145597,1.009942539446122,0.012218405,0.8858343750000001,0.16546668,0.0967644155025482,0.498298576289782,0.0,-0.0177497138700845,0.1242572666241336,0.062919822947015,0.0049434365,0.9109666015625,1.0071475389277804,0.734,0.5178,0.2006,15.0,0.42890808440503814
bert-small_50_3,0.17453913,0.0806980431079864,0.5264042102736849,0.0,0.3582540907358442,0.0561746613035279,0.0348164923139522,1.0029420094573709,0.0043872776,0.8844232421875,0.12241674,0.0875714719295501,0.4999871428938774,0.0,-0.0303595095568888,0.0747138979524194,0.04204524337408,0.0051655537,0.8868546875000001,1.0040896493973783,0.8448,0.8061,0.1125,50.0,0.39760729158198305
bert-small_17_3,0.20341712,0.0746398270130157,0.5108128262490679,8.571404081702625e-06,0.1016988476141766,0.2436302284221298,0.1549801945705002,1.0145856201141947,0.01632922,0.89561376953125,0.13540131,0.097001165151596,0.5025328499061431,0.0,0.0417228598788961,0.1234081813801265,0.0625198595130215,0.010398985,0.925277734375,1.0070954071113911,0.7487,0.5466,0.1868,17.0,0.4208483975884786
bert-small_11_1,0.20263296,0.085427701473236,0.5095956868694661,0.0010628541061311,-0.1584489877590388,0.3879305401465139,0.2283689430497152,1.023496957469745,0.016513268,0.93488251953125,0.12189796,0.1128312051296234,0.5095185442327308,0.0004542844163302,0.0961537739759741,0.1557452668417295,0.0799717391238893,0.0038298522,0.95935712890625,1.009097760926496,0.772,0.5886,0.1531,11.0,0.45226004401771647
bert-small_17_2,0.19440639,0.0737164616584777,0.5144813871960365,2.571421224510787e-05,0.093442105008429,0.2073320642159213,0.1346654762391977,1.012334526822501,0.0113547705,0.8886851562500001,0.13171263,0.0965558290481567,0.5051642709592258,0.0,0.0522097803627344,0.1142407638720319,0.057997141492625,0.0047185784,0.9183912109375,1.0065278640361317,0.7467,0.5453,0.1944,17.0,0.41580727363634074
bert-small_17_1,0.20952526,0.078629732131958,0.5145928154490987,6.8571232653621e-05,0.1581381987006032,0.2390180399503277,0.1524494289689153,1.0143005875551994,0.018192885,0.8946528320312501,0.13932207,0.1043273210525512,0.5073928360204685,0.0,0.076751329577128,0.1152334786850377,0.0595187658600522,0.0073921634,0.9251814453125,1.006590728787108,0.7533,0.5574,0.1873,17.0,0.4337983787416056
bert-small_50_1,0.1908721,0.07907634973526,0.5174213787960605,0.0,0.280770635906277,0.0377786596019257,0.0234614808667318,1.0017990221601647,0.0034778358,0.86332099609375,0.14087,0.0863690376281738,0.5062614106816837,0.0,0.0888385006136166,0.0458064151436204,0.026792577892603,0.0024587372,0.862670703125,1.0022961472867926,0.8331,0.7797,0.128,50.0,0.3990829649856851
bert-small_11_3,0.20604564,0.086110919713974,0.5221699366573238,0.00040285599184,0.0651615462683383,0.3535770498203212,0.2116542706755404,1.021381466733791,0.017794209,0.93046162109375,0.12554589,0.1099397838115692,0.5322670506655696,0.0,0.4412078479646513,0.1263331661776799,0.0649965502321892,0.0042811516,0.956109375,1.0072772098929248,0.7695,0.5834,0.1551,11.0,0.47710363131854955
bert-small_11_2,0.11661412,0.0851965844631195,0.5119013945674441,0.0033599904000274,-0.4232935910750417,0.536660287992593,0.3035307272894145,1.032664659793004,0.018703125,0.9270955078125,0.06661227,0.1021946817636489,0.5226413638818175,1.714280816340525e-05,0.3492439666488001,0.1777570075129445,0.094378792111811,0.008077225,0.96562568359375,1.0104649514160085,0.8118,0.6836,0.1301,11.0,0.47488117230186055
bert-small_50_2,0.1759918,0.0729950070381164,0.5211499395716013,0.0,0.2991167379613065,0.0487225775618949,0.0306951283823321,1.0024796915767422,0.005261056,0.87184814453125,0.12713556,0.081374704837799,0.5008271404938843,0.0,-0.006563394704117,0.0598339593953217,0.0351348793521081,0.0049016187,0.87387451171875,1.0031670249225868,0.833,0.7723,0.1227,50.0,0.3906209666659172
bert-small_12_3,0.2143099,0.0804550051689148,0.5042128451061568,0.0006342839020459,-0.2356664274914042,0.3808676750103579,0.2333214712454379,1.0230809103451195,0.019811535,0.9214580078125,0.13210541,0.1062580645084381,0.5135642469592944,0.0003857131836766,0.1705264504832072,0.1306744661449893,0.0681777495751808,0.002967475,0.953544921875,1.0075494100681053,0.7619,0.5693,0.1694,12.0,0.4704967735158922
bert-small_60_1,0.15620136,0.0794412493705749,0.5240642169593801,0.0,0.331050299142556,0.0505258841107261,0.0304657437898964,1.0025900496073483,0.0032450708,0.87900400390625,0.11204586,0.0918592810630798,0.5060385541755595,8.571404081702625e-06,0.0718557831566291,0.0665101510417415,0.0382397210144275,0.0032178955,0.8804386718749999,1.003582334418774,0.843,0.7999,0.1152,60.0,0.36825262221038824
bert-small_12_2,0.17164233,0.0814398229122161,0.5044785586326896,0.0022542792734877,-0.6588969767438337,0.3778283175317174,0.2250211552859782,1.0228825641152632,0.021995533,0.9336447265625,0.10323081,0.104722648859024,0.5145156728123634,0.0005057128408204,0.1328731884829374,0.111466592078331,0.0588401650174272,0.0023072173,0.9581572265625,1.0063595748426837,0.7768,0.6005,0.1558,12.0,0.46143291960200405
bert-small_23_2,0.19142145,0.0734818577766418,0.5153213847960434,1.714280816340525e-05,0.1465179243630358,0.1691036296541637,0.1117421817588375,1.009966088895227,0.0146973375,0.8761585937499999,0.13327166,0.0953697562217712,0.4996442867306093,0.0,-0.0022223409958384,0.1328423026969389,0.068377613950991,0.009618398,0.9011458984375,1.0076834944610913,0.7613,0.5816,0.1846,23.0,0.40210425011831863
bert-small_23_3,0.2540209,0.0678953826427459,0.5096042582735478,0.0,0.0951283946646169,0.1031105255832484,0.0667786912684325,1.0058636410888395,0.01158244,0.8539493164062499,0.18438128,0.0879774093627929,0.4913728817917663,0.0,-0.1414640210524679,0.1012987450042772,0.0551562175713186,0.0062128007,0.8703769531250001,1.0057340912005546,0.75,0.5586,0.1954,23.0,0.4127030331185678
bert-small_23_1,0.21944824,0.0706477761268615,0.5164613815389099,0.0,0.1884565241668166,0.1166676426223988,0.0787366842634444,1.006708801647099,0.008046109,0.85565576171875,0.1583697,0.087490290403366,0.4955385841754738,8.571404081702625e-06,-0.08215370813665,0.1049624173854807,0.0570999401841475,0.010075415,0.87256474609375,1.0059627665958768,0.7532,0.5649,0.1961,23.0,0.41648735015162786
bert-small_60_3,0.16936114,0.0760417878627777,0.5184413758817832,0.0,0.2655248814159937,0.0499711847023075,0.0302866856613735,1.0025557578196282,0.004009261,0.88715263671875,0.11890846,0.088189035654068,0.4921185939468744,0.0,-0.0972153288816349,0.0737419114051726,0.0425179547097411,0.0041641304,0.88903642578125,1.0040301283660704,0.8417,0.8025,0.1239,60.0,0.3891555297804585
bert-small_12_1,0.22287966,0.0866835117340087,0.5095014014245673,0.0019971371510367,-0.2167551488933028,0.4021721667156209,0.2384411670380417,1.0243799069385982,0.025807321,0.9298052734375,0.13459757,0.1151537895202636,0.5116271096368296,0.0001971422938791,0.1959178804851886,0.13546105736648,0.0719399245165614,0.002698235,0.95842587890625,1.007846817740059,0.772,0.5887,0.1534,12.0,0.45535914024395197
bert-small_60_2,0.17230219,0.0758935809135437,0.5191870880368913,0.0,0.3074770686024133,0.0254034856439774,0.0148235799132032,1.0010283379763256,0.004213375,0.8668025390625,0.12682551,0.0804903507232666,0.5110271113511105,0.0,0.127200147507535,0.0386424768477094,0.0231198526067073,0.0032973213,0.8654743164062499,1.0018514119995694,0.842,0.7957,0.1111,60.0,0.38504023469100696
bert-small_25_2,0.14916363,0.0767192840576171,0.5181842337593321,1.714280816340525e-05,0.1931497835477996,0.1676560420355894,0.1095154304214165,1.0098715490272925,0.0056520374,0.9042158203125,0.09871713,0.0939298272132873,0.5012728535061328,0.0,0.0225170561524733,0.1308702073178236,0.0661667677553302,0.012253265,0.92621044921875,1.0075579436356683,0.7857,0.6387,0.1625,25.0,0.4010091918948768
bert-small_70_2,0.10722605,0.0807609856128692,0.526344210445113,0.0,0.3525703424529416,0.0694327578807611,0.0412858550348274,1.0037651069906843,0.0064430265,0.90457822265625,0.07290841,0.0959278643131256,0.4958300119142517,0.0,-0.0588713706766942,0.1099676770292851,0.0618536338168763,0.007926742,0.907501953125,1.0062775405685946,0.8637,0.8687,0.097,70.0,0.37450984738466864
bert-small_70_3,0.21397813,0.0782242715358734,0.5218613661103826,0.0,0.3280837915529114,0.0264145721159388,0.0159805714549614,1.001091775785252,0.002307109,0.8591736328124999,0.15793346,0.0748726725578308,0.513461390110314,0.0,0.1664391237397688,0.0294011359825386,0.0167579319712585,0.0026830346,0.85815341796875,1.0012772520151825,0.8365,0.784,0.1219,70.0,0.36548436173381216
bert-small_25_1,0.18930107,0.0698798596858978,0.5188528032777049,0.0,0.2356658578850519,0.0979324239576207,0.0652508617378811,1.0055437095945734,0.011181471,0.85131787109375,0.13799423,0.0847525596618652,0.4971585795469155,0.0,-0.0104706445114924,0.1039254359320314,0.0572698898970217,0.0075226985,0.8650546875,1.00589994886504,0.7666,0.5974,0.1827,25.0,0.4100180597625802
bert-small_25_3,0.19946404,0.0731295645236969,0.5147985291470596,8.571404081702625e-06,0.1525933493408113,0.1122049263109319,0.0751081143088181,1.0064289630502607,0.009045211,0.86966533203125,0.14083475,0.0908183753490448,0.4983328619061088,0.0,-0.0301144420054379,0.1193625702460218,0.0647428820516583,0.0072947396,0.8854697265625,1.0068545147083294,0.768,0.596,0.1794,25.0,0.4065642125121331
bert-small_14_2,0.22245173,0.0800395309925079,0.507118551089854,0.0006085696898008,-0.1520011670485258,0.2877519960767247,0.1783500131307074,1.017316094307381,0.020353258,0.91195888671875,0.14314707,0.1043886840343475,0.5073414075959783,0.0,0.080579211303159,0.1123990927055305,0.0574598673545732,0.005347737,0.941370703125,1.006414934003896,0.7466,0.5402,0.1879,14.0,0.42547700545127354
bert-small_14_1,0.20150419,0.0796410143375396,0.5163670960940112,9.428544489872886e-05,0.1360073694331902,0.2941634183260695,0.1850254314623627,1.0177189581604005,0.016713543,0.91726083984375,0.12820266,0.1007821559906005,0.5202413707389407,0.0,0.238347459314149,0.1082732372378857,0.0562240386540281,0.0057853064,0.944939453125,1.0061599761138618,0.7567,0.5605,0.1765,14.0,0.4372812579396159
bert-small_70_1,0.1870435,0.079658031463623,0.5224099359716116,0.0,0.3203683866599631,0.0396863726392997,0.0249696622413605,1.0019176527965603,0.0052642506,0.86867939453125,0.13616946,0.0855826437473297,0.5051471281510624,0.0,0.0506865411317277,0.0489496364237385,0.0279259751530195,0.0017647143,0.8683369140625,1.0024913707916363,0.8402,0.7979,0.1195,70.0,0.3693871532524298
bert-small_27_2,0.21153533,0.0707247555255889,0.5151242425021643,0.0,0.1925558827520766,0.0828098824093741,0.0539533701715384,1.0046006648609591,0.007901,0.8621812500000001,0.15254037,0.0885522663593292,0.491295739155031,0.0,-0.1003959211960908,0.0997790268462311,0.0557470452007125,0.006188307,0.87480458984375,1.0056440053153315,0.7775,0.6205,0.1706,27.0,0.40241789327380617
bert-small_80_3,0.15077755,0.0797924399375915,0.5219299373430362,0.0,0.3320614320950184,0.0520962815193334,0.0313935742205822,1.002687517654469,0.004722585,0.88114912109375,0.10644789,0.0834841728210449,0.5019242802163423,0.0,0.0350527950572589,0.068419924155373,0.0392243906170895,0.004674766,0.88205537109375,1.0037001992146477,0.8446,0.8055,0.1131,80.0,0.3768633685552595
bert-small_16_2,0.17302577,0.0810933709144592,0.5124671072368364,0.0002228565061242,0.0429143944108222,0.2915068742404945,0.1830567481302795,1.0175489856459592,0.017267417,0.9106056640625,0.11134447,0.102606177330017,0.501469995800012,0.0,0.0466947162459957,0.1196720708001672,0.0614271975890754,0.0056652613,0.9396806640625,1.006863801185876,0.7556,0.56,0.1807,16.0,0.4354290269987561
bert-small_16_1,0.20634432,0.076742947101593,0.5120556798409147,1.714280816340525e-05,-0.0017680338766647,0.2575992509745274,0.1641525203939679,1.0154573646838103,0.02252706,0.8876902343749999,0.13853842,0.0992890894412994,0.5064328387633178,0.0,0.0512615940995422,0.1156850704859244,0.0590157787029443,0.010018893,0.92361572265625,1.0066193470072489,0.7446,0.5402,0.1953,16.0,0.4242441009146083
bert-small_80_2,0.2146971,0.0756646990776062,0.5167785234899329,0.0,0.2526140007998003,0.0241284546807094,0.0142383156459407,1.000948625321623,0.0072777253,0.8670659179687501,0.1563929,0.0782224535942077,0.5054728415061671,0.0,0.032393216681876,0.0348780099032501,0.0204599155892036,0.0018586244,0.865405859375,1.00161747857715,0.8435,0.8063,0.1147,80.0,0.36809925406485544
bert-small_80_1,0.19163851,0.0802536904811859,0.5218613661103826,0.0,0.3301464085010544,0.0328133420974634,0.0189577914183822,1.001489112420876,0.003967295,0.86654541015625,0.13998969,0.0829081833362579,0.513229962200108,0.0,0.1392732836433255,0.0441163796126961,0.0257734163866334,0.005103618,0.8654703125,1.002191696161208,0.8385,0.7915,0.1208,80.0,0.3690536418215073
bert-small_27_3,0.16355693,0.068152904510498,0.5102471135796754,0.0,0.1585932781156491,0.1255425507197411,0.0813337487629992,1.0072561143073488,0.0072541786,0.8907208984374999,0.112620406,0.0857331752777099,0.4959500115713955,0.0001199996571438,-0.1022558781254906,0.1316030697635818,0.0696782183466482,0.009339098,0.90893974609375,1.0076102482510705,0.784,0.6353,0.1678,27.0,0.40788035586677435
bert-small_27_1,0.16292116,0.0731201469898223,0.5203013705675127,9.428544489872886e-05,0.1979792371683214,0.1557442443303441,0.0986183408383312,1.0091314379258924,0.009818867,0.8888767578125,0.11152155,0.0956394076347351,0.4982642906734552,0.0,-0.0056331610326596,0.1410214818650502,0.0739062280088462,0.009252372,0.90964013671875,1.0081882821071986,0.7804,0.6268,0.1661,27.0,0.4074683800437461
bert-small_90_2,0.1980806,0.0744727849960327,0.5224870786083469,0.0,0.3422940368267446,0.028590618626447,0.0173821911387943,1.001226455570754,0.00330942,0.8569111328125001,0.14588442,0.0808059871196746,0.5086528324204788,0.0,0.1074523948601186,0.0339280419688003,0.0198434163049367,0.0042590927,0.85633486328125,1.0015578164854235,0.828,0.7642,0.1292,90.0,0.3676503814532503
bert-small_33_1,0.14779781,0.0755437612533569,0.5182099479715773,0.0,0.2065030205303684,0.115701772189879,0.0761842919262218,1.0066447361193107,0.010868363,0.88992255859375,0.101029366,0.0911769270896911,0.4928643061019825,0.0,-0.0948397607069716,0.1146216369364368,0.0602729060218515,0.0054933676,0.90587099609375,1.006558324857988,0.8053,0.693,0.1466,33.0,0.3996140508418824
bert-small_33_2,0.16225639,0.0732058584690094,0.5187499464287245,0.0,0.2527692320546764,0.1228138601292358,0.0802014014628452,1.0070886115257334,0.010975851,0.88455771484375,0.11161541,0.0924404263496398,0.4943643018162805,0.000171428081634,-0.1167840874742417,0.1220833022539298,0.0646457163138988,0.009196185,0.9000250000000001,1.0070207197340952,0.8061,0.6954,0.1449,33.0,0.40268807040338506
bert-small_90_3,0.21636185,0.0717030763626098,0.5200356570409799,0.0,0.2907170549366429,0.0214350103440506,0.0131695623948728,1.0007827888162004,0.0022670154,0.852435546875,0.16346481,0.0758598744869232,0.5094671158082406,0.0,0.0947441713805642,0.0210180854501473,0.011984593246969,0.005730697,0.851778515625,1.000756227727162,0.8302,0.7685,0.1312,90.0,0.36872291437625354
bert-small_90_1,0.19549355,0.0743552148342132,0.5184156616695381,0.0,0.2490213275018687,0.0273505440630376,0.0176081669694776,1.0011505250985206,0.005182772,0.86518642578125,0.1440519,0.0793348550796508,0.5009042831306196,0.0,-0.0101924118998572,0.0367186761795292,0.0215541544958968,0.003919783,0.8643938476562499,1.0017320513755086,0.8378,0.7885,0.1205,90.0,0.3717802739590247
bert-small_33_3,0.19562514,0.0741358995437622,0.5169413801674853,0.0,0.1956670697540274,0.0885107673818674,0.056494102991623,1.0049537608351018,0.008090707,0.8782416015625,0.13712645,0.0951620936393737,0.4950328713346533,5.142842449021574e-05,-0.0836810904377606,0.1125200197890391,0.0603090982672954,0.004893626,0.8879650390625,1.006431195919134,0.8014,0.6857,0.153,33.0,0.3901890618946573
bert-small_18_3,0.18117265,0.0713502764701843,0.5118585375470356,0.0001371424653072,0.0061606647292497,0.2237424156536199,0.1450463235726468,1.013356294436882,0.016403005,0.89417431640625,0.12148753,0.0970114767551422,0.504812843391876,0.0,0.0555247909651645,0.1117423712959137,0.0570242605454998,0.004952606,0.923928515625,1.0063742674607663,0.749,0.5489,0.1901,18.0,0.41485944461656477
bert-small_18_1,0.2003555,0.0759094953536987,0.5089271173510933,8.571404081702625e-06,-0.0255761604529571,0.1770026046386884,0.1111098582810879,1.0104503828135436,0.010896692,0.8986039062500001,0.1349228,0.0961948335170745,0.4971842937591607,0.0,-0.0680309230224335,0.1232581973295178,0.063770511687356,0.0077221626,0.9217966796875,1.0070881624834014,0.7524,0.5562,0.188,18.0,0.4230385329735301
bert-small_18_2,0.24962634,0.0694142878055572,0.5097756863551819,3.42856163268105e-05,0.0169225267586638,0.1627696121733257,0.1088485156090623,1.0095763842159915,0.011898857,0.84608466796875,0.18010156,0.0878233313560485,0.4896243153590989,0.0,-0.1230585919292176,0.1252023295883005,0.0663428826952307,0.006165252,0.8721226562500001,1.0072113787588992,0.7298,0.5127,0.2082,18.0,0.41164558398215223
bert-small_0.5_1,0.4883825,0.1461292207241058,0.4401673138076748,0.0038914174530929,-0.7306192250962726,0.2235342145225338,0.1103776262425605,1.013260958165335,0.020931292,0.75539755859375,0.3568277,0.1461116969585418,0.4823643361018968,0.0020399941714452,-0.2689245354072254,0.4524935375486146,0.1966869424764709,0.0209427,0.72602021484375,1.0271351060843763,0.5697,0.2574,0.2234,0.5,0.7317194331276438
bert-small_0.5_2,0.49490088,0.1510396897792816,0.433618761089254,0.009857114693958,-0.8554006582644337,0.2252554497600802,0.1074253790938598,1.013367435271179,0.032264,0.7522759765625,0.36202425,0.1520557105541229,0.483427190208028,0.0041571309796257,-0.3430690809888144,0.4834963010523158,0.2009505411477192,0.019587599,0.72378828125,1.028867453801559,0.5665,0.2582,0.2127,0.5,0.7275007249472369
bert-small_0.5_3,0.48562688,0.1561360955238342,0.4337559035545613,0.0114342530449913,-0.8458895096474408,0.2262230049092883,0.1119784591164533,1.0134370991343238,0.021095095,0.75166552734375,0.35389125,0.1481526792049408,0.4801871994651444,0.0062056965551527,-0.3692170115399117,0.4280041627662228,0.1904565248909838,0.006683888,0.7271455078125,1.0256382875355965,0.5684,0.2486,0.2186,0.5,0.7303652202574562
bert-small_1.5_1,0.31858414,0.1228422820568084,0.4780529198488004,0.0,-0.0399885709686001,0.1706733734644387,0.0922152783104338,1.0100192757259958,0.013532314,0.7607680664062499,0.22582902,0.1282130479812622,0.5094414015959955,0.0,0.2858915614587953,0.41062714664619,0.1658807261397469,0.017438538,0.73629404296875,1.0243283810942565,0.6294,0.3561,0.1879,1.5,0.7124678908102806
bert-small_1.5_2,0.32704663,0.1265457272529602,0.4947157293836303,0.0,0.1151971972675179,0.1872365215369716,0.0959100762405881,1.0110310891768497,0.01956987,0.7614655273437501,0.23277014,0.1242822557687759,0.5250156428124491,0.0,0.476426246818424,0.3259811400990578,0.145369012905142,0.022230031,0.7416411132812499,1.019344972770916,0.6306,0.334,0.1837,1.5,0.7189484644757995
bert-small_1.5_3,0.34478962,0.1586999595165252,0.4769729229345059,0.0,-0.0409571441454754,0.2305751871547812,0.1097759030199372,1.0136657504318247,0.026567763,0.75741943359375,0.2470893,0.1547469198703766,0.5235499327144779,0.0,0.3083779460106223,0.361583050716959,0.1710872117052575,0.027811285,0.73432834799609,1.0217177588855884,0.6324,0.3461,0.1783,1.5,0.7089446006179646
bert-small_2.5_1,0.15739097,0.0938842892646789,0.5081214053674132,8.571404081702625e-06,0.2266675255289795,0.1452444549647462,0.0795496372596625,1.0084575834907803,0.0073808604,0.7835405669599218,0.109468475,0.1037109196186065,0.5200699426573067,0.0,0.4204361359383494,0.2802897072748078,0.1141868344505271,0.008386366,0.78721328125,1.016551524504929,0.7412,0.4951,0.0939,2.5,0.6704295788050365
bert-small_2.5_2,0.17879616,0.0912199318408966,0.5020185656612409,0.0,0.1620715732206573,0.1648650867225193,0.086747100964426,1.0096591455389874,0.009047257,0.7699552734374999,0.12473276,0.1041794419288635,0.5157842406164553,0.0,0.3107737432316521,0.2267388044092895,0.1066960735299722,0.008857172,0.7746922851562499,1.0134227673958114,0.7151,0.474,0.142,2.5,0.6863778401189944
bert-small_2.5_3,0.21705356,0.0947000980377197,0.5132642478164348,0.0,0.2211243638504967,0.1871219354295279,0.0999986003961325,1.0110316545940266,0.012026455,0.78483515625,0.14918385,0.1067539751529693,0.5100928283062048,0.0,0.235541212834342,0.2476677645354274,0.1211641942131461,0.00718637,0.7924305664062501,1.0147427290939786,0.7204,0.4868,0.1482,2.5,0.6708557336098311
bert-small_3.5_1,0.1917067,0.0811154544353485,0.5442584449758715,1.714280816340525e-05,0.5802486224008063,0.2158728275962045,0.1221532604813017,1.0128392480526611,0.010195424,0.873026953125,0.119148165,0.0930200517177581,0.5416698809431973,0.0,0.6423173038897315,0.1802603126939803,0.0871000955805345,0.007840349,0.8974065429687501,1.0105966319043638,0.7817,0.6089,0.1029,3.5,0.6392721449175451
bert-small_3.5_2,0.12900832,0.0754246115684509,0.5368784660615256,6.8571232653621e-05,0.583968048759092,0.2136094595987195,0.1271650852703988,1.0127065313579824,0.014371201,0.8794146484375001,0.07779391,0.0856364667415618,0.5399898857431836,0.0,0.6585500339618767,0.2048220811371572,0.1023838147420434,0.0039863046,0.90683447265625,1.012115140843484,0.8018,0.6567,0.0789,3.5,0.6347368040238563
bert-small_3.5_3,0.11180378,0.0728183686733245,0.5441898737432179,0.0002828563346961,0.6397379557803213,0.2586506871371929,0.1501927553484907,1.0154865065907543,0.01653043,0.88821123046875,0.06486965,0.0742624253034591,0.5408470261513538,1.714280816340525e-05,0.7123940529464676,0.2054520854188488,0.1012224672119637,0.0055086315,0.91748271484375,1.012155284287562,0.8243,0.7082,0.0694,3.5,0.6391137349660045
bert-small_4.5_1,0.16177598,0.0885603129863739,0.5384127473921503,7.714263673532361e-05,0.5135881457629627,0.3138283034629704,0.1793958354653926,1.0189021276932997,0.0098087825,0.929169921875,0.08632308,0.1042190343141555,0.5474298644861014,0.0012342821877651,0.6750025631315256,0.1927809485681614,0.0965832800162325,0.0030980743,0.95283798828125,1.011372277888421,0.8385,0.7479,0.0768,4.5,0.6075107782387426
bert-small_4.5_2,0.119015746,0.1004121303558349,0.5593098305433413,0.0002399993142876,0.731905993131712,0.2683961756317993,0.1488176906346059,1.0160793253419893,0.015397077,0.93567890625,0.06331648,0.1079165190458297,0.5700840854740415,0.001354281844909,0.8897278816042331,0.1757515669597734,0.0913504128004296,0.004677537,0.95198994140625,1.0103358435170342,0.8475,0.773,0.0777,4.5,0.6033377222792387
bert-small_4.5_3,0.13437466,0.0994863361120224,0.542484164330959,0.0007028551346996,0.5392391923352795,0.3030991334510755,0.1727469888096497,1.0182272934760312,0.010708902,0.9311142717497556,0.06904228,0.1004882007837295,0.5514584244045017,0.0018685660898111,0.680479955406874,0.2284904164699406,0.1180489159728597,0.0040179687,0.951979296875,1.0135907374400628,0.8549,0.7924,0.0664,4.5,0.599717606187723
bert-small_5.5_1,0.18670365,0.1010617613792419,0.5383013191390882,0.0004199988000034,0.4460998932850877,0.3792733511845912,0.2082588751970436,1.0229365297170918,0.012536861,0.9379634765625,0.100887306,0.112334057688713,0.5515269956371553,0.0023742789306316,0.5982462613819656,0.2284684766615512,0.1194794975150345,0.003349372,0.959538671875,1.0135970657630846,0.825,0.7083,0.0946,5.5,0.562220048538501
bert-small_6.5_1,0.17193286,0.0981037020683288,0.5380698912288822,0.0021514224245073,0.3895477503843689,0.512122205147129,0.2792774935531701,1.0311190184701506,0.016012466,0.9294873046875,0.09415692,0.1180599629878997,0.5458612975391499,0.0014228530775626,0.5881044149122917,0.2449765204494094,0.1256107119243532,0.0068690265,0.96320576171875,1.014608096328616,0.8275,0.7177,0.0999,6.5,0.52814872037186
bert-small_6.5_2,0.18062042,0.0968628525733947,0.531504195702298,0.0009857114693958,0.3056120729632851,0.4048543062675206,0.2290870209357274,1.0245241741305395,0.018662836,0.9402259765625,0.097397454,0.1212138533592224,0.5388670318084805,0.0015857097551149,0.4067595720192871,0.228178584887988,0.1154372516774103,0.0054769726,0.96354013671875,1.01356377374108,0.8316,0.7272,0.0976,6.5,0.5352692644112682
bert-small_6.5_3,0.18870118,0.1016826629638671,0.519769943514447,0.0008142833877617,0.1494761003496914,0.40801082644482,0.2271124086643622,1.0247000506112438,0.014212861,0.94274951171875,0.10314615,0.1234748661518096,0.5307499121431082,0.0029142773877788,0.1694569043800865,0.2230125423471439,0.1155822648305009,0.005931676,0.9626021484375,1.0132525004177466,0.8221,0.7013,0.1036,6.5,0.5436364631022668
bert-small_7.5_1,0.17871287,0.0906372666358947,0.532078479775772,0.0015171385224613,0.1498654620217815,0.4991742809115481,0.2717632075005035,1.030322024755019,0.019882333,0.93337490234375,0.09981096,0.1145348995923996,0.5398870288942031,0.0020142799592001,0.3398464074867941,0.229567631790457,0.1190151185006566,0.005587574,0.96375693359375,1.0136608045009037,0.8176,0.6919,0.1117,7.5,0.5180061908128335
bert-small_7.5_2,0.1523575,0.0992858707904815,0.5127842491878595,0.0035228470775797,-0.2196304244165345,0.5022521179509956,0.284824856008069,1.030541436595113,0.025343664,0.923483203125,0.08265689,0.1295502185821533,0.5281613481104339,0.0017057094122588,0.1970438172291105,0.2302264530162775,0.1189586058657433,0.005174651,0.96515654296875,1.0137028111180082,0.8321,0.7308,0.1039,7.5,0.5123849137690129
bert-small_7.5_3,0.12611212,0.0995028913021087,0.5363127533921331,0.0019628515347099,0.1439020715897136,0.4909260400621065,0.2757449839306536,1.0298250412765615,0.024395697,0.93352119140625,0.06881334,0.1099437922239303,0.5471641509595687,0.0010457112979677,0.6007194260581432,0.2125453872563798,0.1088751570821964,0.0025484092,0.965514453125,1.0126067934136287,0.8326,0.7329,0.1048,7.5,0.5114529054126452
bert-small_8.5_1,0.19730756,0.0980421006679534,0.522829934771615,0.0008571404081702,0.0728110706025513,0.4911558696581894,0.2802273970736146,1.0298613660975622,0.024716195,0.92917294921875,0.11382793,0.1199003159999847,0.5346670438084462,0.0006942837306179,0.3913091155179243,0.1945253778070902,0.1017919421072301,0.004606395,0.9637552734375,1.0114987461943157,0.7939,0.6352,0.1283,8.5,0.5021021150210486
bert-small_8.5_2,0.17319001,0.0879503488540649,0.5234727900777426,0.0013114248245005,0.0230952365163326,0.5012689696359318,0.2695757106715386,1.0304461085520904,0.01795687,0.93459873046875,0.09847821,0.1069399714469909,0.5322841934737329,0.0019628515347099,0.3231959185326279,0.2090178360393728,0.1086931355521098,0.0046388134,0.96315322265625,1.0123906876770916,0.805,0.6614,0.1262,8.5,0.4980174501595853
bert-small_8.5_3,0.17625785,0.0980021655559539,0.5235585041185596,0.0020571369796086,-0.0396399386219827,0.5143700801029708,0.2831284280689071,1.031270271091563,0.017301507,0.9370291015625,0.0995603,0.1237498372793197,0.5241413595961154,0.0020314227673635,0.2146200839995119,0.2250319557360676,0.1196277589065825,0.005816345,0.964887109375,1.0133878708115474,0.8093,0.6709,0.1175,8.5,0.49080373363044033
bert-small_9.5_1,0.186038,0.0954828858375549,0.5120813940531599,0.0012685678040919,-0.0733686259794509,0.389970587530436,0.2231595148235193,1.023608065471576,0.017598063,0.94011669921875,0.108481266,0.1286650002002716,0.5239785029185631,0.0009857114693958,0.2488974885684872,0.1823103961560662,0.0926855239269158,0.003722442,0.96175087890625,1.0107388290346648,0.7936,0.6357,0.1277,9.5,0.4820288116564497
bert-small_9.5_2,0.1712762,0.0883010923862457,0.5084471187225179,0.0021428510204256,-0.3290459314033417,0.500860452255455,0.2840023719064332,1.0304656119181934,0.019354291,0.9286571847507332,0.09758661,0.1141380816698074,0.5189899457430122,0.0016542809877686,0.1749668384650305,0.1926919332214436,0.1016889197763786,0.005126711,0.96502861328125,1.0113876299639604,0.8027,0.656,0.1309,9.5,0.4817249214141901
bert-small_9.5_3,0.18154936,0.0953007042407989,0.5160928111633967,0.0007114265387813,0.1200759470169988,0.4864158384848096,0.2773640246595718,1.029566495749885,0.022123028,0.9369950097847358,0.10490973,0.1201415956020355,0.5218099376858923,0.0019799943428733,0.271308005920832,0.170778277317098,0.0891074960593958,0.0038222123,0.963441015625,1.0100272644476926,0.7955,0.6396,0.1367,9.5,0.4948303943282827
bert-small_5.5_2,0.18319698,0.0892079770565033,0.5374013217105094,0.0007799977714349,0.4150206525210239,0.3975732029631184,0.2224495621786024,1.0240664718643522,0.01560501,0.9355486328125,0.10076366,0.1121192872524261,0.5441213025105642,0.0013457104408273,0.5567261421279499,0.2007556952978085,0.1039757079767266,0.0036860364,0.95866025390625,1.0118797192336502,0.8193,0.6948,0.0941,5.5,0.5037715639005269
bert-small_9_3,,,,,,,,,,,,,,,,,,,,,,,,,0.39638390147454317
bert-small_14_3,,,,,,,,,,,,,,,,,,,,,,,,,0.3555776055210649
bert-small_16_3,,,,,,,,,,,,,,,,,,,,,,,,,0.34358154478530345
