model,glue_average,a-patchiness,a-patchiness_m,p-point_dist,a-point_dist,a-point_dist_m,type,source,alpha
chin,0.684,0.5273157196122376,0.5460683329944196,0.5059976019912549,0.5039263767597449,0.5685486954101057,bert-base,alt_models,NA
germ,0.703,0.7600776405703651,1.0078640018235063,0.5893897931586998,0.6352042546055952,0.7100344248349192,bert-base,alt_models,NA
shuffle_index,0.681,0.5700754175998308,0.6309028422209639,0.5927975308543763,0.5630269547102983,0.6322447919495457,bert-base,alt_models,NA
untrained,0.557,0.6444928954448579,0.7785458450478746,0.8313667462268596,0.7719893050174655,0.857455551299641,bert-base,alt_models,NA
fc,0.767,0.6111844142288763,0.5528717729212715,0.525769984838483,0.5291578255392865,0.5863946372977896,roberta,alt_models,NA
mlm,0.798,0.7655173032688443,0.8590655842765162,0.6285605921995988,0.6415855838562032,0.7075645073024217,roberta,alt_models,NA
asci,0.752,0.7050500928111023,0.7390996732691679,0.5990247628973692,0.5636188082561645,0.6235352230263204,roberta,alt_models,NA
rand,0.564,0.8865633836624309,1.0992189367853733,0.5477802788130592,0.5499208547987391,0.6087721497016075,roberta,alt_models,NA
roberta_sinha,0.841,0.6340711063305977,0.5982785784799045,0.7251127094016099,0.6937961959481496,0.7638348908335988,roberta,alt_models,NA
shuffle_corp,0.623,0.6093036318879039,0.5491403329353144,0.7360572230899384,0.7060402055407421,0.7770309651205898,roberta,alt_models,NA
shuffle_sent,0.776,0.5990999312499601,0.5288963654459824,0.6577030331081737,0.6405697451251605,0.706469679398452,roberta,alt_models,NA
bert-small,0.78,0.5375979326627998,0.6140604506840601,0.6282296545990602,0.6541617037816901,0.645981791392442,bert-small,alt_models,NA
untrained_w_emb,0.557,0.8885196920401595,1.2626908344089962,0.5949939918653969,0.5794865835494635,0.6499842818817757,bert-base,alt_models,NA
bert-small_100_3,0.3651576035819785,0.44027635824129563,0.42097611211837566,0.5389129313569854,0.5468597816339498,0.5303363302311614,bert-small,perturbed_weights,100
bert-small_35_1,0.3985114256331904,0.4562870122623077,0.4527409757678484,0.531999083843239,0.5325788058714206,0.5149449001911961,bert-small,perturbed_weights,35
bert-small_19_2,0.4176615461921993,0.4642311635876628,0.468502036079909,0.5203111330912842,0.5063871718403745,0.4867166677843491,bert-small,perturbed_weights,19
bert-small_100_2,0.3737528464981962,0.443518799093225,0.42740905929329037,0.5315624768643233,0.5382541589485291,0.521061555053647,bert-small,perturbed_weights,100
bert-small_100_1,0.3584606453400337,0.4422159384773825,0.42482420612226085,0.5351508646780254,0.5439763781136697,0.5272287201982515,bert-small,perturbed_weights,100
bert-small_35_3,0.3910594901522467,0.45362507606965563,0.44745973990501503,0.5387734202367759,0.5402582537650543,0.5232214834559442,bert-small,perturbed_weights,35
bert-small_19_1,0.4080953516398557,0.4665253646647467,0.4730536917650802,0.517805957466944,0.5041128647350394,0.4842655160365107,bert-small,perturbed_weights,19
bert-small_19_3,0.4201859396887727,0.4643966131769548,0.4688302852343675,0.5199098127004534,0.5044059405147123,0.48458138068289425,bert-small,perturbed_weights,19
bert-small_35_2,0.4003894698485002,0.45087932202052494,0.4420122108489785,0.5373598911569983,0.5421046637228881,0.5252114658047456,bert-small,perturbed_weights,35
bert-small_3_2,0.6470352419326574,0.4895016181265599,0.5186381855298194,0.5665396618172571,0.5643373337862649,0.5491728947415521,bert-small,perturbed_weights,3
bert-small_1_3,0.7214485247864968,0.5538133272812433,0.6462315161759087,0.6339861493508626,0.6575140327966382,0.6495947894370085,bert-small,perturbed_weights,1
bert-small_4_3,0.6156278622027267,0.4705740311452904,0.4810861767933538,0.49305818227016684,0.47484328409953835,0.4527200033109393,bert-small,perturbed_weights,4
bert-small_2_2,0.7052801268634952,0.5064390923518514,0.5522418446075037,0.6286951793672358,0.6406310127714941,0.6313989864399786,bert-small,perturbed_weights,2
bert-small_3_1,0.6534248119017035,0.5025543506023333,0.5445345834409772,0.5491205667063481,0.5395123018638768,0.5224175281316674,bert-small,perturbed_weights,3
bert-small_1_1,0.722939300081014,0.5479707588120157,0.6346399602941706,0.6335344336961284,0.6619488177414111,0.6543744125772467,bert-small,perturbed_weights,1
bert-small_2_3,0.6917510216987142,0.5362349166350984,0.6113562502051082,0.6199177696783542,0.6278798567783737,0.6176563312698924,bert-small,perturbed_weights,2
bert-small_4_1,0.6188884107269883,0.47476989826409577,0.48941070536946646,0.4858517142698616,0.4732071206199596,0.4509566157001321,bert-small,perturbed_weights,4
bert-small_3_3,0.6542447322908795,0.4952769003742348,0.5300962466992047,0.5673087373078132,0.5587616525109608,0.5431636619201394,bert-small,perturbed_weights,3
bert-small_1_2,0.729460614171166,0.5413307215458683,0.621466239963332,0.6375199998510276,0.6594884294844625,0.6517227104556494,bert-small,perturbed_weights,1
bert-small_2_1,0.6927921579234679,0.5196631123047122,0.5784780739426243,0.629661859751068,0.6385756581711838,0.629183812416576,bert-small,perturbed_weights,2
bert-small_4_2,0.6029278323868498,0.47459917582348554,0.4890719949682076,0.48439102165283876,0.47377488374893173,0.45156852672247105,bert-small,perturbed_weights,4
bert-small_5_3,0.5789692669418549,0.48031382644951703,0.5004097640376053,0.48476221934652364,0.462059419482479,0.4389420961731002,bert-small,perturbed_weights,5
bert-small_10_1,0.48067279914720173,0.4707179057173012,0.48137162148265594,0.47491889650292674,0.4608605100950607,0.4376499624794682,bert-small,perturbed_weights,10
bert-small_5_1,0.5803916562803764,0.485979054889349,0.5116494803351526,0.4668372350532636,0.4605250160867307,0.4372883812651378,bert-small,perturbed_weights,5
bert-small_6_3,0.5392574512298369,0.48711750469474824,0.5139081452711907,0.4758164668130217,0.45924826784791506,0.4359123561585102,bert-small,perturbed_weights,6
bert-small_7_1,0.5218036769506398,0.4975302288345227,0.5345668118119467,0.4802133478181163,0.4579136420805705,0.434473953106142,bert-small,perturbed_weights,7
bert-small_5_2,0.5824684169478846,0.48973168420173474,0.5190946326867387,0.4667133877355699,0.4623380123391141,0.439242351739235,bert-small,perturbed_weights,5
bert-small_7_2,0.5216908996257212,0.48526531512220883,0.5102334328486073,0.47540869155851695,0.4589895279869045,0.43563349730912104,bert-small,perturbed_weights,7
bert-small_10_3,0.4829714608116491,0.4868127057600815,0.5133034293996517,0.4737396778387657,0.45488060881047987,0.43120507847448164,bert-small,perturbed_weights,10
bert-small_6_2,0.5371624789248239,0.48742729272879304,0.514522759430535,0.4700721545321723,0.4610199849779477,0.4378218377451295,bert-small,perturbed_weights,6
bert-small_7_3,0.5186959496247721,0.4913564971740336,0.5223182338246588,0.4824514642160471,0.4574671937732232,0.4339927900537527,bert-small,perturbed_weights,7
bert-small_10_2,0.47702457861492575,0.48054530388218053,0.5008690113036345,0.4726404156908207,0.4562968367272242,0.432731428862836,bert-small,perturbed_weights,10
bert-small_6_1,0.5436399361786526,0.49280210969115545,0.5251863043254688,0.4679891269921178,0.4597752672440676,0.43648033375835094,bert-small,perturbed_weights,6
bert-small_30_3,0.3979521733509776,0.45616108561752755,0.45249113945909974,0.5305789277700894,0.5295146912721141,0.5116425274210241,bert-small,perturbed_weights,30
bert-small_13_3,0.4460638874903935,0.4648849848141272,0.4697992062069069,0.4752493855230403,0.4636344780451963,0.44063962749589125,bert-small,perturbed_weights,13
bert-small_30_1,0.406343752584823,0.45808914058992256,0.4563163675370056,0.5333882565707531,0.5312009754291716,0.5134599329724677,bert-small,perturbed_weights,30
bert-small_8_1,0.4982080747460593,0.4810516505880744,0.5018735945049795,0.46844587314569663,0.45864852837762937,0.435265982391577,bert-small,perturbed_weights,8
bert-small_8_2,0.5069417663863127,0.4832866462054528,0.5063077875710491,0.47540748665063115,0.4555687917489788,0.43194677286068717,bert-small,perturbed_weights,8
bert-small_20_2,0.41970617431004986,0.46563879035557987,0.47129474350420003,0.5144093221367869,0.5011640439668812,0.48108740206809475,bert-small,perturbed_weights,20
bert-small_20_3,0.41601729202095195,0.46717404381252736,0.4743406600959467,0.5188429528323993,0.50330157695072,0.4833911444681901,bert-small,perturbed_weights,20
bert-small_13_1,0.45004713922867,0.46658284293871377,0.4731677276772263,0.4759237036148607,0.4631283893862387,0.440094186601803,bert-small,perturbed_weights,13
bert-small_13_2,0.4544402608430506,0.4634656205854113,0.46698321186120956,0.48779600527334765,0.4720251350976642,0.4496827218306112,bert-small,perturbed_weights,13
bert-small_20_1,0.4161476843377459,0.4632427988207053,0.46654113729231844,0.5066780306873534,0.494980568112411,0.4744231140250038,bert-small,perturbed_weights,20
bert-small_30_2,0.3988364806415858,0.4608322939908125,0.4617587369514286,0.5259541470448748,0.5247114868019779,0.5064658373405238,bert-small,perturbed_weights,30
bert-small_8_3,0.504348751437421,0.4860020906122826,0.5116951828153333,0.4696281459762437,0.45554910148282646,0.43192555152686574,bert-small,perturbed_weights,8
bert-small_9_1,0.4915544797188161,0.4804114864659845,0.5006035198393992,0.4734259295675334,0.45734294982109647,0.43385888519116866,bert-small,perturbed_weights,9
bert-small_40_2,0.40586234864325454,0.4538209512694329,0.4478483529501222,0.5288782863540883,0.5330704929720769,0.5154748196964977,bert-small,perturbed_weights,40
bert-small_40_3,0.40232593799179983,0.45730239761643743,0.4547554829380928,0.5058818447693663,0.5064798462748685,0.48681654835964927,bert-small,perturbed_weights,40
bert-small_9_2,0.4926126856683334,0.48090740097001605,0.5015874057307379,0.4696210886586266,0.4573296060043651,0.4338445037913887,bert-small,perturbed_weights,9
bert-small_15_2,0.42896849054473074,0.4662308868985696,0.47246945291524084,0.49705098880926313,0.48231557737489117,0.4607733241132519,bert-small,perturbed_weights,15
bert-small_15_3,0.4341647787325462,0.463900370507631,0.46784574826870545,0.492693869764401,0.4827704876147999,0.46126360707769676,bert-small,perturbed_weights,15
bert-small_40_1,0.39022429530991687,0.4480335046993429,0.4363661579731854,0.5293870156764557,0.5364146649932695,0.5190790264791216,bert-small,perturbed_weights,40
bert-small_15_1,0.42890808440503814,0.4651862800291542,0.4703969707586239,0.5132370328287224,0.5008230443576062,0.4807198871505508,bert-small,perturbed_weights,15
bert-small_50_3,0.39760729158198305,0.4523491225402103,0.44492826993303963,0.5144806698965978,0.5209124859056126,0.5023714352849168,bert-small,perturbed_weights,50
bert-small_17_3,0.4208483975884786,0.46496742832423754,0.4699627727204316,0.5046184127862235,0.48889936773130227,0.46786905414973745,bert-small,perturbed_weights,17
bert-small_11_1,0.45226004401771647,0.4733733995071492,0.4866400757285511,0.4700107042299949,0.4605052716569563,0.4372671015560615,bert-small,perturbed_weights,11
bert-small_17_2,0.41580727363634074,0.4625848570225508,0.4652357920215852,0.5107246277570671,0.49463704619631466,0.4740528806721356,bert-small,perturbed_weights,17
bert-small_17_1,0.4337983787416056,0.4628487660685656,0.4657593830536257,0.5054652909002646,0.4889795933611628,0.4679555179313405,bert-small,perturbed_weights,17
bert-small_50_1,0.3990829649856851,0.4448199201862866,0.4299904612808884,0.5330781649198495,0.5410619746289101,0.524087699718292,bert-small,perturbed_weights,50
bert-small_11_3,0.4771036313185495,0.465730644560558,0.47147698067533134,0.47390685994367787,0.46321121868765647,0.4401834565101923,bert-small,perturbed_weights,11
bert-small_11_2,0.47488117230186055,0.4791129265426304,0.4980271991686848,0.4768734292234422,0.4552824692424078,0.43163818660565556,bert-small,perturbed_weights,11
bert-small_50_2,0.3906209666659172,0.44847590358697476,0.43724386979719226,0.5255631544359227,0.5317272425426987,0.51402712134915,bert-small,perturbed_weights,50
bert-small_12_3,0.4704967735158922,0.4668733531125082,0.47374409489166175,0.48184178082581675,0.4653478566593974,0.442486234304205,bert-small,perturbed_weights,12
bert-small_60_1,0.36825262221038824,0.45021939149136214,0.4407029199699501,0.5192566665614842,0.5262581490717732,0.5081327643430518,bert-small,perturbed_weights,60
bert-small_12_2,0.46143291960200405,0.46187837143551436,0.46383413670425105,0.47110157619091675,0.4615050001702381,0.4383445665505411,bert-small,perturbed_weights,12
bert-small_23_2,0.40210425011831863,0.4674362454120691,0.47486086358339746,0.5217643380664452,0.5090054076854869,0.48953849134236616,bert-small,perturbed_weights,23
bert-small_23_3,0.4127030331185678,0.4592525630336932,0.4586245777603121,0.5413374642178239,0.5346413205685135,0.5171677910632609,bert-small,perturbed_weights,23
bert-small_23_1,0.41648735015162786,0.4602125526063747,0.4605291806479343,0.539833567046609,0.5328185063841682,0.5152032392384605,bert-small,perturbed_weights,23
bert-small_60_3,0.3891555297804585,0.4520992505794319,0.44443252823794593,0.5120752434322345,0.5190947163349096,0.5004123203307648,bert-small,perturbed_weights,60
bert-small_12_1,0.455359140243952,0.46812188386724296,0.4762211585477935,0.4744853017937256,0.46128116578104317,0.43810332733838087,bert-small,perturbed_weights,12
bert-small_60_2,0.38504023469100696,0.44295290149047917,0.4262863281314548,0.5300098669885813,0.5387260744182968,0.5215701655336651,bert-small,perturbed_weights,60
bert-small_25_2,0.4010091918948768,0.4669091774121301,0.4738151696891901,0.497037390563123,0.48812225313617297,0.4670315129954872,bert-small,perturbed_weights,25
bert-small_70_2,0.37450984738466864,0.4615339878711304,0.46315088560461354,0.49671800390852894,0.5037097024673327,0.4838310048419435,bert-small,perturbed_weights,70
bert-small_70_3,0.36548436173381216,0.4405425521073032,0.4215042361941929,0.5367332529915174,0.5448256632297791,0.5281440436793597,bert-small,perturbed_weights,70
bert-small_25_1,0.4100180597625802,0.4599488409530159,0.46000598123954467,0.5436565676386522,0.5390756986896056,0.5219469757461888,bert-small,perturbed_weights,25
bert-small_25_3,0.4065642125121331,0.4639561512047572,0.4679564162174447,0.5274868759405006,0.5220664005939305,0.5036150756000229,bert-small,perturbed_weights,25
bert-small_14_2,0.42547700545127354,0.46211077167884307,0.46429521481085095,0.4902133947517202,0.47549111012889855,0.4534182027319571,bert-small,perturbed_weights,14
bert-small_14_1,0.4372812579396159,0.46104044701378255,0.46217170898768706,0.48554076197046836,0.47251771721041813,0.45021360594199544,bert-small,perturbed_weights,14
bert-small_70_1,0.3693871532524298,0.4456394772213943,0.43161644841664,0.5283557866558826,0.5363410299070386,0.5189996657059465,bert-small,perturbed_weights,70
bert-small_27_2,0.40241789327380617,0.4588743784444067,0.45787426600557274,0.5340826277723874,0.5309523247954459,0.5131919478643755,bert-small,perturbed_weights,27
bert-small_80_3,0.3768633685552595,0.45071419319429795,0.4416845980829535,0.5173661660886156,0.5249111558645313,0.5066810321884486,bert-small,perturbed_weights,80
bert-small_16_2,0.4354290269987561,0.4639951362542818,0.4680337618887009,0.49140599536414575,0.4768992082530018,0.4549357911745765,bert-small,perturbed_weights,16
bert-small_16_1,0.4242441009146083,0.46296890664112356,0.46599773989408105,0.5116014564385561,0.4902841141761255,0.46936147514274196,bert-small,perturbed_weights,16
bert-small_80_2,0.36809925406485544,0.44197083848405994,0.42433793192895414,0.5297777500908608,0.5387831110983496,0.5216316372485775,bert-small,perturbed_weights,80
bert-small_80_1,0.3690536418215073,0.44438142967323957,0.4291205036051899,0.5302364757359666,0.5387294103724797,0.5215737608836101,bert-small,perturbed_weights,80
bert-small_27_3,0.40788035586677435,0.46712875453505776,0.4742508069443076,0.5089305199150652,0.5025117694567486,0.4825399234458566,bert-small,perturbed_weights,27
bert-small_27_1,0.4074683800437461,0.4695553666056651,0.47906516377519387,0.5105557685233529,0.5019282215689601,0.48191100027987566,bert-small,perturbed_weights,27
bert-small_90_2,0.3676503814532503,0.4417203743453135,0.4238410153629008,0.5387272034128693,0.5463408373466777,0.5297770340860658,bert-small,perturbed_weights,90
bert-small_33_1,0.3996140508418824,0.46271273291980686,0.46548949561389746,0.5096341000555413,0.505068574926055,0.4852955399500092,bert-small,perturbed_weights,33
bert-small_33_2,0.40268807040338506,0.4646538873623256,0.4693407128164068,0.5143621585995415,0.5099393121272097,0.4905450139440294,bert-small,perturbed_weights,33
bert-small_90_3,0.36872291437625354,0.43835526876224273,0.4171647034600873,0.5426715554419855,0.5501370718420134,0.5338684546319623,bert-small,perturbed_weights,90
bert-small_90_1,0.3717802739590247,0.4424518202336798,0.4252921914910239,0.5314341541744824,0.5396262938592465,0.5225403838700305,bert-small,perturbed_weights,90
bert-small_33_3,0.3901890618946573,0.4621790399288588,0.4644306578508736,0.5199285748375329,0.5199873688553958,0.5013743833611574,bert-small,perturbed_weights,33
bert-small_18_3,0.4148594446165648,0.46194005170564045,0.4639565093048869,0.5058870086603054,0.49002350292618324,0.46908059938972513,bert-small,perturbed_weights,18
bert-small_18_1,0.4230385329735301,0.4649370150507921,0.46990243330626064,0.5019831931750626,0.49179969511670496,0.47099490400675836,bert-small,perturbed_weights,18
bert-small_18_2,0.41164558398215223,0.46545428250536913,0.4709286830861476,0.5482686107662166,0.5331868445447953,0.5156002184872607,bert-small,perturbed_weights,18
bert-small_0.5_1,0.7317194331276438,0.5490949840091575,0.636870403850794,0.6281915278709586,0.6549157313118869,0.6467944502871992,bert-small,perturbed_weights,0.5
bert-small_0.5_2,0.7275007249472369,0.5563674574749204,0.6512988667812405,0.6309425907688573,0.6567753223569796,0.6487986386528563,bert-small,perturbed_weights,0.5
bert-small_0.5_3,0.7303652202574562,0.5428112725630698,0.6244036278505345,0.6314805821398807,0.6539781654570365,0.6457839815697427,bert-small,perturbed_weights,0.5
bert-small_1.5_1,0.7124678908102806,0.5373122265327663,0.6134936146102554,0.6234584775657172,0.646355835608192,0.6375689577113693,bert-small,perturbed_weights,1.5
bert-small_1.5_2,0.7189484644757995,0.5163916547323777,0.571987558090876,0.6228438024142453,0.6419007908441137,0.6327674993970753,bert-small,perturbed_weights,1.5
bert-small_1.5_3,0.7089446006179646,0.5263527173341456,0.5917501358677602,0.6264096412375127,0.6479936033172218,0.6393340742926457,bert-small,perturbed_weights,1.5
bert-small_2.5_1,0.6704295788050365,0.5046646335397651,0.5487213486837572,0.6033889805163323,0.6039312044292384,0.591845489397986,bert-small,perturbed_weights,2.5
bert-small_2.5_2,0.6863778401189944,0.49152997077478533,0.5226624024805677,0.615361754767481,0.6143633840768682,0.6030888502075563,bert-small,perturbed_weights,2.5
bert-small_2.5_3,0.6708557336098311,0.49707122922453584,0.5336561644388127,0.6022480537271923,0.5995842933995257,0.5871605730367857,bert-small,perturbed_weights,2.5
bert-small_3.5_1,0.6392721449175451,0.47966572714266276,0.4991239461012153,0.5245242656437896,0.5121209447980507,0.4928962851165677,bert-small,perturbed_weights,3.5
bert-small_3.5_2,0.6347368040238563,0.48604049582087994,0.5117713780921112,0.51889476387149,0.5042658304390331,0.4844303759852062,bert-small,perturbed_weights,3.5
bert-small_3.5_3,0.6391137349660045,0.4862090198007869,0.512105726784948,0.5111423004692056,0.4953939823368746,0.474868674343792,bert-small,perturbed_weights,3.5
bert-small_4.5_1,0.6075107782387426,0.4829219237952942,0.5055841845493732,0.475045239701241,0.46593685598450907,0.44312103279814463,bert-small,perturbed_weights,4.5
bert-small_4.5_2,0.6033377222792387,0.47857092578827976,0.4969518789452085,0.4693088453864984,0.4666434273533817,0.44388254545477834,bert-small,perturbed_weights,4.5
bert-small_4.5_3,0.599717606187723,0.49223511655917074,0.5240613996523653,0.4733316762749318,0.4666522961096239,0.44389210382414424,bert-small,perturbed_weights,4.5
bert-small_5.5_1,0.562220048538501,0.4922616831432358,0.5241141073006201,0.46729544430927517,0.4603540146124222,0.4371040831280697,bert-small,perturbed_weights,5.5
bert-small_6.5_1,0.52814872037186,0.49650603483312716,0.5325348284362363,0.4747655289420303,0.45729868740462165,0.4338111810358013,bert-small,perturbed_weights,6.5
bert-small_6.5_2,0.5352692644112682,0.49212192174069136,0.5238368230691652,0.4653014938879232,0.4570200945479864,0.43351092546966663,bert-small,perturbed_weights,6.5
bert-small_6.5_3,0.5436364631022668,0.4908151823591633,0.5212442744933743,0.4630774921252264,0.45780160283886884,0.43435320196286886,bert-small,perturbed_weights,6.5
bert-small_7.5_1,0.5180061908128335,0.4925292612252421,0.5246449776372935,0.4713393733686704,0.4568394648336961,0.43331625042386657,bert-small,perturbed_weights,7.5
bert-small_7.5_2,0.5123849137690129,0.492705606889134,0.5249948444173367,0.4800569679875053,0.4556733454349532,0.43205945638944976,bert-small,perturbed_weights,7.5
bert-small_7.5_3,0.5114529054126452,0.48810447537607393,0.5158662782167405,0.47121044822488645,0.4553751436769018,0.43173806718095564,bert-small,perturbed_weights,7.5
bert-small_8.5_1,0.5021021150210486,0.4834528434194296,0.5066375200000899,0.47504257169092234,0.456840848034211,0.4333177411787219,bert-small,perturbed_weights,8.5
bert-small_8.5_2,0.4980174501595853,0.48719725379510814,0.5140663661218678,0.47026080868115383,0.45734246163267944,0.4338583590423961,bert-small,perturbed_weights,8.5
bert-small_8.5_3,0.49080373363044033,0.4913834733478608,0.5223717540919914,0.46811891278439155,0.4558978307420375,0.4323013971333066,bert-small,perturbed_weights,8.5
bert-small_9.5_1,0.4820288116564497,0.4802626770775782,0.5003082845587976,0.46539780045394064,0.4585108592440351,0.43511760843775105,bert-small,perturbed_weights,9.5
bert-small_9.5_2,0.4817249214141901,0.4829863724974204,0.5057120496717318,0.4754971170073071,0.45577993323933175,0.4321743322047642,bert-small,perturbed_weights,9.5
bert-small_9.5_3,0.4948303943282827,0.47727549700592986,0.49438177040467507,0.4681489580063307,0.4571026797551958,0.4335999323036698,bert-small,perturbed_weights,9.5
bert-small_5.5_2,0.5037715639005269,0.4850521853369041,0.5098105870010248,0.4694236558950483,0.46108589041424286,0.43789286782940784,bert-small,perturbed_weights,5.5
bert-small_9_3,0.3963839014745432,NA,NA,NA,NA,NA,bert-small,perturbed_weights,NA
bert-small_14_3,0.3555776055210649,NA,NA,NA,NA,NA,bert-small,perturbed_weights,NA
bert-small_16_3,0.34358154478530345,NA,NA,NA,NA,NA,bert-small,perturbed_weights,NA
roberta-base_0.5_3,0.8130942723182382,0.7971604455547197,0.9218450371853479,0.59078237821839,0.6044839964467559,0.6675779898207171,roberta,perturbed_weights,0.5
roberta-base_0.5_2,0.8194319629210307,0.8430380076219355,1.01286533540195,0.589679315310695,0.6025765629367971,0.6655222388753618,roberta,perturbed_weights,0.5
roberta-base_0.5_1,0.8224508897886889,0.7593565692159712,0.8468427933203597,0.5877875097602538,0.5987635545801436,0.6614127401730938,roberta,perturbed_weights,0.5
roberta-base_1_3,0.7047964028077489,0.5368518784935872,0.40539729378679507,0.5611070616967162,0.5613520616163041,0.6210922196275415,roberta,perturbed_weights,1
roberta-base_1_1,0.7836068644822545,0.5479593944136396,0.4274344153323483,0.5742806189465539,0.5731189483960144,0.6337740711809419,roberta,perturbed_weights,1
roberta-base_1_2,0.7494867788268256,0.590275889420957,0.5113896174288386,0.5636962513363943,0.5750735734529501,0.6358806831742991,roberta,perturbed_weights,1
roberta-base_1.5_1,0.6674296743317683,0.5773253917924763,0.4856960517055619,0.44373347060185353,0.4636486768374092,0.5157916549814002,roberta,perturbed_weights,1.5
roberta-base_1.5_3,0.6175567290869917,0.5571211350552718,0.4456111520160175,0.44542800141357664,0.4665914741002568,0.5189632770712412,roberta,perturbed_weights,1.5
roberta-base_1.5_2,0.626652340321176,0.6539979602356047,0.6378131156964888,0.4559689526305515,0.47739725244434217,0.5306092867120353,roberta,perturbed_weights,1.5
roberta-base_2_2,0.5539337650030098,0.6085150573414428,0.5475758145269531,0.4478484637351645,0.46713303350407875,0.5195469468298779,roberta,perturbed_weights,2
roberta-base_2_1,0.6130311490706752,0.6157594523799506,0.5619485703381213,0.4368666144956548,0.47528892794994504,0.5283370239831676,roberta,perturbed_weights,2
roberta-base_2_3,0.583208853277956,0.6628839187936486,0.6554427054447083,0.44386153509714754,0.48091545860918317,0.5344010601141307,roberta,perturbed_weights,2
roberta-base_3_2,0.5643564234387419,0.6851819898952907,0.699681697009972,0.4351386905225244,0.4617749474889241,0.5137722289519333,roberta,perturbed_weights,3
roberta-base_3_1,0.5488772480076479,0.635969246292285,0.6020444556883882,0.43429069356544636,0.46789741934775675,0.520370769475623,roberta,perturbed_weights,3
roberta-base_3.5_3,0.5530548760404035,0.6181442347373838,0.5666799377337388,0.44565185608579416,0.46776572445603315,0.5202288343063257,roberta,perturbed_weights,3.5
roberta-base_3.5_2,0.5178956838371657,0.6895278206763114,0.708303750926174,0.4340930026073212,0.4645634790905375,0.5167775900542944,roberta,perturbed_weights,3.5
roberta-base_3.5_1,0.5209511418617905,0.6755796535655292,0.6806308260192577,0.4327362763278756,0.4614093990708402,0.5133782563693371,roberta,perturbed_weights,3.5
roberta-base_4_3,0.5176259113405752,0.5877765045263375,0.5064308805601905,0.44216786493391436,0.47083408163825236,0.5235357795524388,roberta,perturbed_weights,4
roberta-base_4_2,0.5207408168351213,0.6194915015309479,0.56935289200162,0.43777537323611815,0.4633214622129793,0.5154389969359199,roberta,perturbed_weights,4
roberta-base_4_1,0.527387047139785,0.6128338197841701,0.5561441653230941,0.436536555799786,0.47169369554793683,0.5244622349692323,roberta,perturbed_weights,4
roberta-base_4.5_1,0.5169260200391406,0.6233604189992268,0.5770287580649094,0.4393056923159723,0.46743367964124405,0.5198709704865181,roberta,perturbed_weights,4.5
roberta-base_5_1,0.5394762617861342,0.5965901767781969,0.5239170555136963,0.4481717487993113,0.47260316189991536,0.5254424192341554,roberta,perturbed_weights,5
roberta-base_5.5_1,0.5391393245600992,0.5665100146611555,0.4642385285186141,0.44720188401606653,0.46311455481842145,0.5152160009207285,roberta,perturbed_weights,5.5
roberta-base_6_1,0.5249144212721729,0.5730098639599315,0.47713411832067937,0.4646224422294084,0.48859735232932666,0.5426802793869668,roberta,perturbed_weights,6
roberta-base_6.5_1,0.5178468614216714,0.5859165279143075,0.5027407187844859,0.46344117046009137,0.48737918927711776,0.5413673949099453,roberta,perturbed_weights,6.5
roberta-base_7_1,0.509247499291474,0.5797728576353731,0.49055178206388067,0.46661665084530746,0.47647846050492726,0.5296190517244589,roberta,perturbed_weights,7
roberta-base_8_1,0.489325211414221,0.5616629019463262,0.4546219398222306,0.46643677531092276,0.4790964918453139,0.5324406548759554,roberta,perturbed_weights,8
roberta-base_9_1,0.4630033599890172,0.5653334177464937,0.4619041803704644,0.4617246387639854,0.47226794811158757,0.5250811400290595,roberta,perturbed_weights,9
roberta-base_10_1,0.4341085488600399,0.5335511091697414,0.3988486239215469,0.48432647301609777,0.46411066584231764,0.516289567138561,roberta,perturbed_weights,10
roberta-base_15_1,0.3655132010907258,0.543719874181178,0.4190232797256059,0.4615276363246521,0.45621897600358563,0.5077842385062801,roberta,perturbed_weights,15
roberta-base_18_1,0.3770621206852483,0.5481721302946538,0.42785647968055546,0.45870238552692577,0.4700816652974703,0.5227248571293045,roberta,perturbed_weights,18
roberta-base_20_1,0.3641073174027648,0.5517456605899516,0.4349463026464648,0.46580299376297574,0.46336984903324274,0.5154911461987801,roberta,perturbed_weights,20
roberta-base_25_1,0.3667669413625446,0.5442533346323182,0.4200816561336293,0.4609760467074885,0.4738294874795065,0.5267641009370276,roberta,perturbed_weights,25
roberta-base_40_1,0.2970001593644931,0.5236741340039939,0.37925287417906656,0.4411531603643468,0.4672832994992814,0.5197088971469294,roberta,perturbed_weights,40
roberta-base_50_1,0.3086189630418696,0.543963126508713,0.41950588818160245,0.4465549345462243,0.4825053754742934,0.5361146050851201,roberta,perturbed_weights,50
roberta-base_70_1,0.35410234742540503,0.530071276968537,0.3919446963712265,0.4494841516815281,0.4817107420464405,0.5352581828759104,roberta,perturbed_weights,70
bert-base-uncased_0_1,0.7696195665059714,0.5976852934058541,0.6856803634394115,0.6412949976467556,0.6524972458940641,0.7286720774732333,bert-base,perturbed_weights,0
bert-base-uncased_1_1,0.7686347894739399,0.5325868832236202,0.556526231414427,0.6619025395909321,0.6548807444753351,0.7312409111631724,bert-base,perturbed_weights,1
bert-base-uncased_3_1,0.6071309042868015,0.5644176555372069,0.6196779390880511,0.45023136400036734,0.4554508128815369,0.5163037884453469,bert-base,perturbed_weights,3
bert-base-uncased_5_1,0.526190636002706,0.5167782309769442,0.5251621358291629,0.4716091006053985,0.45225317875018056,0.5128575139859145,bert-base,perturbed_weights,5
bert-base-uncased_5_2,0.5203001242873566,0.5120431956883995,0.515767906828982,0.4647650516841815,0.451832441699462,0.51240406143554,bert-base,perturbed_weights,5
bert-base-uncased_10_1,0.4545291966099751,0.5271838711877828,0.545806747976112,0.4731684235393615,0.452838679391637,0.5134885417469851,bert-base,perturbed_weights,10
bert-base-uncased_18_1,0.397452775218014,0.5520983601482148,0.5952366678086047,0.465822100159451,0.46712997876284346,0.5288910981345726,bert-base,perturbed_weights,18
